InventoryId,Store,City,Brand,Description,Size,onHand,Price,endDate
78_EASTHAVEN_25021,78,EASTHAVEN,25021,Mark West Black Pnt Nr,750mL,7,10.99,2024-12-31
65_LUTON_18152,65,LUTON,18152,Banfi Centine Mntcln Tscna,750mL,18,9.99,2024-12-31
67_EANVERNESS_24930,67,EANVERNESS,24930,L'Ecole No 41 Cab 12 Walla W,750mL,9,42.99,2024-12-31
34_PITMERDEN_27515,34,PITMERDEN,27515,Clos du Bois RSV Chard RRV,750mL,12,13.99,2024-12-31
53_HILLFAR_3556,53,HILLFAR,3556,Hard Rock Vodka,1.75L,0,12.99,2024-12-31
46__16806,46,,16806,Apothic Winemakers White,750mL,0,7.99,2024-12-31
7_STANMORE_8130,7,STANMORE,8130,Bacardi Superior Rum,50mL,39,1.29,2024-12-31
73_DONCASTER_30735,73,DONCASTER,30735,Sonoma-Cutrer Cutrer V Chard,750mL,22,28.99,2024-12-31
50_MOUNTMEND_17617,50,MOUNTMEND,17617,Nostor Tinto Priorat,750mL,25,15.99,2024-12-31
21_BALERNO_2663,21,BALERNO,2663,Dewars White Label,1.75L,114,29.99,2024-12-31
30_CULCHETH_3437,30,CULCHETH,3437,Bombay Dry Gin,750mL,5,17.99,2024-12-31
52_GRAYCOTT_8258,52,GRAYCOTT,8258,Campari,750mL,8,29.99,2024-12-31
81_PEMBROKE_22039,81,PEMBROKE,22039,Ghost Pines Pnt Nr L Martini,750mL,17,17.99,2024-12-31
63_SWORDBREAK_30602,63,SWORDBREAK,30602,Zardetto Prosecco Conegliano,750mL,11,12.99,2024-12-31
41_LARNWICK_4979,41,LARNWICK,4979,Patron Silver Tequila,Liter,39,69.99,2024-12-31
33_HORNSEY_4233,33,HORNSEY,4233,Castillo Silver Label Rum,1.75L,19,10.99,2024-12-31
34_PITMERDEN_26534,34,PITMERDEN,26534,Lazzaroni Dry Marsala,750mL,6,8.99,2024-12-31
43_WOLFORD_8788,43,WOLFORD,8788,Stolichnaya,50mL,45,1.99,2024-12-31
61_AETHELNEY_6984,61,AETHELNEY,6984,Kendall Jackson Vntrs RSV Me,750mL,22,15.99,2024-12-31
66_EANVERNESS_2672,66,EANVERNESS,2672,Dewars White Label,50mL,124,2.29,2024-12-31
6_GOULCREST_6859,6,GOULCREST,6859,C Y Toro Frontera Chard,1.5L,7,10.99,2024-12-31
62_KILMARNOCK_26456,62,KILMARNOCK,26456,Ravenswood Vntnrs Blnd Chard,750mL,28,7.99,2024-12-31
46__5134,46,,5134,Dr McGillicuddy's Cherry,750mL,0,13.99,2024-12-31
23_ARBINGTON_2979,23,ARBINGTON,2979,Bowmore 12-Yr Scotch,750mL,5,44.99,2024-12-31
61_AETHELNEY_3826,61,AETHELNEY,3826,Skyy Vodka,1.75L,70,19.99,2024-12-31
32_MOUNTMEND_6980,32,MOUNTMEND,6980,Midnight Moon Blueberry,750mL,23,19.99,2024-12-31
63_SWORDBREAK_1545,63,SWORDBREAK,1545,Gentleman Jack,750mL,15,28.99,2024-12-31
35_HALIVAARA_2196,35,HALIVAARA,2196,Canadian Hunter Whiskey,1.75L,14,11.99,2024-12-31
53_HILLFAR_11828,53,HILLFAR,11828,Cupcake Svgn Bl,750mL,41,7.49,2024-12-31
21_BALERNO_1396,21,BALERNO,1396,Old Crow,1.75L,15,15.99,2024-12-31
25_CAERSHIRE_27163,25,CAERSHIRE,27163,Rio Madre 14 Rioja Tempranlo,750mL,8,10.99,2024-12-31
1_HARDERSFIELD_23387,1,HARDERSFIELD,23387,Middle Sister Malbec,750mL,24,9.99,2024-12-31
53_HILLFAR_44038,53,HILLFAR,44038,Barefoot Pnt Grigio Cal,1.5L,12,10.99,2024-12-31
70_KELD_33819,70,KELD,33819,Sokol Blosser Evolution Whit,750mL,8,15.99,2024-12-31
75_BARNCOMBE_8617,75,BARNCOMBE,8617,Bacardi Black,750mL,0,9.99,2024-12-31
38_GOULCREST_1468,38,GOULCREST,1468,Knob Creek Single Barrel Rsv,750mL,19,41.99,2024-12-31
9_BLACKPOOL_24188,9,BLACKPOOL,24188,St Francis Cab Svgn Sonoma,750mL,25,15.99,2024-12-31
67_EANVERNESS_29616,67,EANVERNESS,29616,Kermit Lynch Cotes du Rhone,750mL,15,13.99,2024-12-31
71_CLARCTON_21379,71,CLARCTON,21379,Alhambra Red Blend,750mL,10,13.99,2024-12-31
34_PITMERDEN_20724,34,PITMERDEN,20724,Chronic C Spritz and Giggles,750mL,25,14.99,2024-12-31
59_CLAETHORPES_12478,59,CLAETHORPES,12478,Commanderie Bargmn Prov Rose,750mL,0,18.99,2024-12-31
21_BALERNO_19258,21,BALERNO,19258,The Beach House Chard,750mL,5,11.99,2024-12-31
67_EANVERNESS_23519,67,EANVERNESS,23519,Slow Press Chard,750mL,129,7.49,2024-12-31
79_BALLYMENA_36859,79,BALLYMENA,36859,Brancott Pnt Nr Marlboro,750mL,47,9.99,2024-12-31
20_BREDWARDINE_792,20,BREDWARDINE,792,Atlantico Platino Rum,750mL,4,19.99,2024-12-31
32_MOUNTMEND_1389,32,MOUNTMEND,1389,Makers Mark,50mL,100,2.99,2024-12-31
60_IRRAGIN_126,60,IRRAGIN,126,Grey Goose Vodka,Liter,29,29.99,2024-12-31
74_PAENTMARWY_43652,74,PAENTMARWY,43652,Barbera d'Alba Alessandria,750mL,11,21.99,2024-12-31
34_PITMERDEN_25254,34,PITMERDEN,25254,Ch des Perligues Graves,750mL,14,12.99,2024-12-31
51_ABERDEEN_3137,51,ABERDEEN,3137,Three Olives Blueberry Vodka,50mL,0,0.99,2024-12-31
27_MOUNTMEND_8367,27,MOUNTMEND,8367,Carlo Rossi Rhine Calif,4L,4,14.99,2024-12-31
43_WOLFORD_32968,43,WOLFORD,32968,Alice White Chard Ausl,1.5L,12,13.99,2024-12-31
38_GOULCREST_23828,38,GOULCREST,23828,Ermisch Pnt Nr Erendira Rise,750mL,14,35.99,2024-12-31
26_KNIFE'S EDGE_4313,26,KNIFE'S EDGE,4313,Sauza Blue Silver Tequila,1.75L,2,26.99,2024-12-31
21_BALERNO_513,21,BALERNO,513,Ocean Vodka,750mL,3,29.99,2024-12-31
74_PAENTMARWY_22928,74,PAENTMARWY,22928,Desert Wind Ruah Red,750mL,10,21.99,2024-12-31
33_HORNSEY_1655,33,HORNSEY,1655,WhistlePig 15 Yr Old Rye,750mL,2,198.99,2024-12-31
74_PAENTMARWY_3773,74,PAENTMARWY,3773,General John Stark Vodka,750mL,33,32.99,2024-12-31
13_TARMSWORTH_1233,13,TARMSWORTH,1233,Jack Daniels No 7 Black,1.75L,105,34.99,2024-12-31
33_HORNSEY_32796,33,HORNSEY,32796,Warre's Otima 10-Yr Tawny,500mL,7,19.99,2024-12-31
63_SWORDBREAK_24779,63,SWORDBREAK,24779,Straccali Chianti,1.5L,9,9.99,2024-12-31
76_DONCASTER_18797,76,DONCASTER,18797,Hess Shirttail Crk Vyd Chard,750mL,12,12.49,2024-12-31
43_WOLFORD_20731,43,WOLFORD,20731,Villa Jolanda Strwby Moscato,750mL,4,9.99,2024-12-31
34_PITMERDEN_19381,34,PITMERDEN,19381,O Wines Chard,750mL,11,9.99,2024-12-31
62_KILMARNOCK_34134,62,KILMARNOCK,34134,Turning Leaf RSV Chard Cal,1.5L,12,10.99,2024-12-31
38_GOULCREST_12109,38,GOULCREST,12109,La Crema Pnt Nr Monterey,750mL,14,18.99,2024-12-31
21_BALERNO_25887,21,BALERNO,25887,Joel Gott Merlot,750mL,10,13.99,2024-12-31
76_DONCASTER_23107,76,DONCASTER,23107,Duckhorn Howell Mtn Cab Svgn,1.5L,4,169.99,2024-12-31
69_MOUNTMEND_34133,69,MOUNTMEND,34133,Turning Leaf RSV Cab Svgn,1.5L,10,10.99,2024-12-31
76_DONCASTER_26645,76,DONCASTER,26645,Darting Rsl Kab,Liter,22,16.99,2024-12-31
4_EANVERNESS_27514,4,EANVERNESS,27514,Clos du Bois RSV Cab Svgn,750mL,2,17.99,2024-12-31
68_SOLARIS_1728,68,SOLARIS,1728,Aberlour 16 Year Old Single,750mL,3,59.99,2024-12-31
10_HORNSEY_4091,10,HORNSEY,4091,Mount Gay Black Barrel Rum,750mL,6,27.99,2024-12-31
1_HARDERSFIELD_28775,1,HARDERSFIELD,28775,C K Mondavi Merlot,1.5L,13,12.99,2024-12-31
74_PAENTMARWY_11915,74,PAENTMARWY,11915,Sequoia Grove Cab Svgn,750mL,12,31.99,2024-12-31
41_LARNWICK_27596,41,LARNWICK,27596,MezzaCorona Pnt Grigio,750mL,5,7.99,2024-12-31
65_LUTON_24493,65,LUTON,24493,Buehler Cab Svgn Napa,750mL,15,26.99,2024-12-31
6_GOULCREST_15550,6,GOULCREST,15550,Talbott Pnt Nr Santa Lucia,750mL,3,28.99,2024-12-31
53_HILLFAR_3214,53,HILLFAR,3214,Ciroc Mango Vodka,750mL,14,24.99,2024-12-31
50_MOUNTMEND_19635,50,MOUNTMEND,19635,Ch St Jean Pnt Nr Sonoma Cst,750mL,1,19.99,2024-12-31
73_DONCASTER_4563,73,DONCASTER,4563,Christian Bros Brandy,1.75L,21,18.99,2024-12-31
45_VERITAS_13614,45,VERITAS,13614,Acrobat Pnt Nr Ore,750mL,15,18.99,2024-12-31
47_PELLA'S WISH_32055,47,PELLA'S WISH,32055,Greg Norman Eden Vly Chard,750mL,5,10.99,2024-12-31
51_ABERDEEN_6145,51,ABERDEEN,6145,Marcus James Cab Svgn,1.5L,10,7.99,2024-12-31
2_ASHBORNE_4890,2,ASHBORNE,4890,Skyy Infusion Tropical Mango,50mL,83,0.99,2024-12-31
81_PEMBROKE_8808,81,PEMBROKE,8808,Salignac VS Cognac,750mL,7,17.99,2024-12-31
21_BALERNO_33149,21,BALERNO,33149,Alamos Ridge Malbec Mendoza,750mL,67,8.99,2024-12-31
31_HORNSEY_43798,31,HORNSEY,43798,Trivento Select Mendz Malbec,750mL,14,10.49,2024-12-31
23_ARBINGTON_15827,23,ARBINGTON,15827,Frisk Prickly Rsl,750mL,13,9.99,2024-12-31
55_DRY GULCH_2759,55,DRY GULCH,2759,Johnnie Walker Red Label,375mL,30,13.99,2024-12-31
60_IRRAGIN_32479,60,IRRAGIN,32479,Danzante Del Vnzi Pnt Grigio,750mL,73,10.99,2024-12-31
81_PEMBROKE_45035,81,PEMBROKE,45035,Hess Clctn 19 Block Cuvee,750mL,5,34.99,2024-12-31
33_HORNSEY_16179,33,HORNSEY,16179,Perrier Jouet Blason Rose,750mL,5,49.99,2024-12-31
13_TARMSWORTH_11219,13,TARMSWORTH,11219,Josh Cellars Cab Svgn,750mL,76,12.99,2024-12-31
62_KILMARNOCK_31320,62,KILMARNOCK,31320,La Vieille Ferme Rose Vntoux,750mL,13,6.99,2024-12-31
49_GARIGILL_5101,49,GARIGILL,5101,Dr McGillicuddy's Mentholmnt,750mL,28,13.99,2024-12-31
73_DONCASTER_4701,73,DONCASTER,4701,Fabrizia Limoncello,750mL,93,16.99,2024-12-31
10_HORNSEY_39254,10,HORNSEY,39254,Las Rocas Garnacha San Alej,750mL,31,11.99,2024-12-31
20_BREDWARDINE_8728,20,BREDWARDINE,8728,Blue Nun Authentic White,1.5L,9,13.99,2024-12-31
47_PELLA'S WISH_39479,47,PELLA'S WISH,39479,Barefoot Premium X-Dry,750mL,20,6.95,2024-12-31
38_GOULCREST_3987,38,GOULCREST,3987,Smirnoff Peppermint Twist,750mL,32,10.99,2024-12-31
57_LANTEGLOS_39708,57,LANTEGLOS,39708,R Mondavi Pvt Sln Pnt Grigio,750mL,35,8.99,2024-12-31
7_STANMORE_20447,7,STANMORE,20447,Barefoot Bubbly Pink Moscato,187mL 4 Pk,3,9.99,2024-12-31
38_GOULCREST_20057,38,GOULCREST,20057,Ch Lascombes 10 Brdx,750mL,24,179.99,2024-12-31
57_LANTEGLOS_3893,57,LANTEGLOS,3893,Zhenka 80 Proof,1.75L,31,9.99,2024-12-31
4_EANVERNESS_3533,4,EANVERNESS,3533,Lidestri Pink Limoncello,750mL,2,18.99,2024-12-31
29_AYLESBURY_8590,29,AYLESBURY,8590,Arrow Peppermint Schnapps,750mL,3,7.99,2024-12-31
69_MOUNTMEND_22914,69,MOUNTMEND,22914,Mount Veeder Cab Svgn,750mL,16,28.99,2024-12-31
67_EANVERNESS_2863,67,EANVERNESS,2863,The Deveron 12 Yr Scotch,750mL,15,44.99,2024-12-31
1_HARDERSFIELD_2790,1,HARDERSFIELD,2790,High West American Prairie,750mL,10,29.99,2024-12-31
41_LARNWICK_15252,41,LARNWICK,15252,Bota Mini Chard,500mL,9,3.99,2024-12-31
63_SWORDBREAK_2518,63,SWORDBREAK,2518,Woodford Reserve Double Oak,750mL,8,50.99,2024-12-31
74_PAENTMARWY_2322,74,PAENTMARWY,2322,Redemption Rye 7Yr Barrel Pr,750mL,9,79.99,2024-12-31
29_AYLESBURY_4798,29,AYLESBURY,4798,Sambuca Romana Liqueur,50mL,46,1.99,2024-12-31
36_LEWES_2432,36,LEWES,2432,Crown Royal,750mL,39,22.99,2024-12-31
49_GARIGILL_4272,49,GARIGILL,4272,Smith & Cross Jamacian Rum,750mL,14,27.99,2024-12-31
41_LARNWICK_18368,41,LARNWICK,18368,Sequin Delicately Pnt Grigio,750mL,13,7.99,2024-12-31
73_DONCASTER_8612,73,DONCASTER,8612,Grand Marnier,1.75L,17,59.99,2024-12-31
54_GUTHRAM_15980,54,GUTHRAM,15980,Moonlight Meadery Apple Pie,375mL,24,12.99,2024-12-31
10_HORNSEY_5616,10,HORNSEY,5616,Emmets Irish Cream,1.75L,8,19.99,2024-12-31
56_BEGGAR'S HOLE_3780,56,BEGGAR'S HOLE,3780,Three Olives Raspberry Vodk,750mL,16,14.99,2024-12-31
27_MOUNTMEND_3883,27,MOUNTMEND,3883,Hornitos Lime Shot Tequila,750mL,9,22.99,2024-12-31
70_KELD_10957,70,KELD,10957,Seaglass Svgn Bl Snt Barbara,750mL,21,8.99,2024-12-31
23_ARBINGTON_20791,23,ARBINGTON,20791,Belle Ambiance Pnt Grigio,750mL,7,7.99,2024-12-31
57_LANTEGLOS_22079,57,LANTEGLOS,22079,C Y Toro Casa Diblo Cab Svgn,750mL,25,9.99,2024-12-31
1_HARDERSFIELD_5780,1,HARDERSFIELD,5780,Malibu Black,750mL,9,13.99,2024-12-31
50_MOUNTMEND_800,50,MOUNTMEND,800,Jameson Irish Whiskey,Liter,96,32.99,2024-12-31
15_WANBORNE_15357,15,WANBORNE,15357,Greystone Cellars Cab Svgn,750mL,7,10.99,2024-12-31
2_ASHBORNE_4898,2,ASHBORNE,4898,Mount Gay Extra Old Rum,750mL,6,39.99,2024-12-31
69_MOUNTMEND_6506,69,MOUNTMEND,6506,Villa Zarri Nocino Liqueur,750mL,4,44.49,2024-12-31
6_GOULCREST_46190,6,GOULCREST,46190,Napa Cellars Merlot,750mL,11,20.99,2024-12-31
9_BLACKPOOL_4450,9,BLACKPOOL,4450,Leblon Natural Cane Cachaca,750mL,3,28.99,2024-12-31
77_TAMWORTH_45294,77,TAMWORTH,45294,C K Mondavi Willw Pnt Grigio,1.5L,11,12.99,2024-12-31
9_BLACKPOOL_2580,9,BLACKPOOL,2580,Barr Hill Gin,750mL,5,34.99,2024-12-31
79_BALLYMENA_2694,79,BALLYMENA,2694,Glenmorangie LaSanta,750mL,8,49.99,2024-12-31
66_EANVERNESS_14342,66,EANVERNESS,14342,Cupcake Pnt Nr,750mL,196,7.49,2024-12-31
69_MOUNTMEND_18856,69,MOUNTMEND,18856,Barefoot Refresh Sweet White,750mL,6,5.99,2024-12-31
14_BROMWICH_2593,14,BROMWICH,2593,James Oliver American Whisky,750mL,7,29.99,2024-12-31
61_AETHELNEY_426,61,AETHELNEY,426,Crystal Head Vodka,50mL,0,7.99,2024-12-31
52_GRAYCOTT_5694,52,GRAYCOTT,5694,Ice Box Mudslide,1.75L,3,9.99,2024-12-31
20_BREDWARDINE_10372,20,BREDWARDINE,10372,Hazlitt Red Cat Finger Lakes,750mL,1,7.99,2024-12-31
34_PITMERDEN_25063,34,PITMERDEN,25063,Jadot Savigny 13 Clos de Gue,750mL,2,39.99,2024-12-31
45_VERITAS_17168,45,VERITAS,17168,Kendall Jackson Vntrs Rsl Rs,750mL,11,9.99,2024-12-31
78_EASTHAVEN_1377,78,EASTHAVEN,1377,Jim Beam Honey,1.75L,3,24.99,2024-12-31
69_MOUNTMEND_45333,69,MOUNTMEND,45333,Cono Sur Svgn Bl Cntrl Vly,750mL,8,7.99,2024-12-31
51_ABERDEEN_8259,51,ABERDEEN,8259,Hornitos Platas Silver,50mL,111,2.49,2024-12-31
69_MOUNTMEND_12465,69,MOUNTMEND,12465,Cline Cashmere Red Cal,750mL,12,14.99,2024-12-31
27_MOUNTMEND_12213,27,MOUNTMEND,12213,Evodia Garnacha Old Vine,750mL,19,8.99,2024-12-31
51_ABERDEEN_1766,51,ABERDEEN,1766,Duggans Dew O Kirkintilloch,50mL,27,0.99,2024-12-31
46__3456,46,,3456,Tanqueray Sterling Vodka,1.75L,0,19.99,2024-12-31
44_PORTHCRAWL_5142,44,PORTHCRAWL,5142,Carolans Irish Cream,1.75L,10,22.99,2024-12-31
68_SOLARIS_20729,68,SOLARIS,20729,Villa Jolanda Peach Moscato,750mL,7,9.99,2024-12-31
75_BARNCOMBE_26827,75,BARNCOMBE,26827,Cavit Merlot Trentino,1.5L,8,9.99,2024-12-31
61_AETHELNEY_6946,61,AETHELNEY,6946,Rosemount Diamond Cab Svgn,750mL,15,8.99,2024-12-31
21_BALERNO_17294,21,BALERNO,17294,Defesa Tinto Red Alentejo,750mL,9,12.99,2024-12-31
11_CARDEND_3306,11,CARDEND,3306,Hammer & Sickle Vodka,1.75L,3,39.99,2024-12-31
51_ABERDEEN_26817,51,ABERDEEN,26817,Ravenswood Vntrs Blnd Merlot,750mL,24,7.99,2024-12-31
9_BLACKPOOL_18347,9,BLACKPOOL,18347,Banfi Pnt Grigio San Angelo,750mL,17,16.99,2024-12-31
21_BALERNO_33038,21,BALERNO,33038,Beringer Fndrs Est Chard,1.5L,56,18.99,2024-12-31
15_WANBORNE_3820,15,WANBORNE,3820,Smirnoff Citrus Vodka,1.75L,28,18.99,2024-12-31
60_IRRAGIN_41159,60,IRRAGIN,41159,Phillips Earthquake Ld Znfdl,750mL,56,24.99,2024-12-31
10_HORNSEY_5242,10,HORNSEY,5242,Cointreau Liqueur,750mL,50,29.99,2024-12-31
68_SOLARIS_5246,68,SOLARIS,5246,Bacardi Party Drinks Zombie,1.75L,0,15.99,2024-12-31
21_BALERNO_3728,21,BALERNO,3728,Absolut Citron,1.75L,40,24.99,2024-12-31
69_MOUNTMEND_33149,69,MOUNTMEND,33149,Alamos Ridge Malbec Mendoza,750mL,61,8.99,2024-12-31
79_BALLYMENA_26827,79,BALLYMENA,26827,Cavit Merlot Trentino,1.5L,9,9.99,2024-12-31
33_HORNSEY_1036,33,HORNSEY,1036,Jameson Trilogy Pack,200mL 3 Pk,4,39.99,2024-12-31
58_HARTLEPOOL_8823,58,HARTLEPOOL,8823,Leroux Apricot Brandy,750mL,14,7.99,2024-12-31
77_TAMWORTH_112,77,TAMWORTH,112,Mr Boston Cr de Cacao White,Liter,10,6.49,2024-12-31
6_GOULCREST_10957,6,GOULCREST,10957,Seaglass Svgn Bl Snt Barbara,750mL,0,8.99,2024-12-31
15_WANBORNE_44083,15,WANBORNE,44083,Wente Reliz Crk Pnt Nr,750mL,33,12.99,2024-12-31
38_GOULCREST_21157,38,GOULCREST,21157,Huber Hugo Gruner Veltliner,750mL,20,12.99,2024-12-31
69_MOUNTMEND_6735,69,MOUNTMEND,6735,Gallo Twin Valley Chard Cal,1.5L,14,9.99,2024-12-31
55_DRY GULCH_3513,55,DRY GULCH,3513,Ciroc Snap Frost Vodka,750mL,47,24.99,2024-12-31
72_HARDERSFIELD_32907,72,HARDERSFIELD,32907,Sterling Vintners Cltn Chard,750mL,57,7.99,2024-12-31
44_PORTHCRAWL_26427,44,PORTHCRAWL,26427,Latour Pouilly Fuisse,750mL,12,21.99,2024-12-31
40_BULLMAR_39491,40,BULLMAR,39491,Flag Hill Red Raspberry Fru,750mL,13,13.99,2024-12-31
50_MOUNTMEND_40561,50,MOUNTMEND,40561,McManis Merlot Cal,750mL,11,10.99,2024-12-31
11_CARDEND_4113,11,CARDEND,4113,Capt Morgan White,50mL,56,0.99,2024-12-31
53_HILLFAR_8112,53,HILLFAR,8112,Stolichnaya,1.75L,33,23.99,2024-12-31
31_HORNSEY_5399,31,HORNSEY,5399,Goldschlager Cinnamon Schna,50mL,99,1.99,2024-12-31
73_DONCASTER_5626,73,DONCASTER,5626,Baja Luna Black Raspberry,750mL,22,9.99,2024-12-31
57_LANTEGLOS_2767,57,LANTEGLOS,2767,Johnnie Walker Blue Label,750mL,4,191.99,2024-12-31
77_TAMWORTH_2245,77,TAMWORTH,2245,Duke Kentucky Bourbon,750mL,12,39.99,2024-12-31
51_ABERDEEN_3487,51,ABERDEEN,3487,Stolichnaya Blueberi,750mL,7,16.99,2024-12-31
66_EANVERNESS_40051,66,EANVERNESS,40051,Concannon Select Vyds Pnt Nr,750mL,37,7.99,2024-12-31
73_DONCASTER_8688,73,DONCASTER,8688,Paul Masson Chablis,3L,12,10.99,2024-12-31
33_HORNSEY_2114,33,HORNSEY,2114,Black Velvet Canadian Whisky,1.75L,74,12.99,2024-12-31
15_WANBORNE_6015,15,WANBORNE,6015,Jackson Morgan Salted Carmel,750mL,6,24.99,2024-12-31
6_GOULCREST_3871,6,GOULCREST,3871,Smirnoff Watermelon Vodka,750mL,11,12.99,2024-12-31
23_ARBINGTON_1876,23,ARBINGTON,1876,Midleton Rare Irish Whiskey,750mL,3,154.99,2024-12-31
50_MOUNTMEND_5694,50,MOUNTMEND,5694,Ice Box Mudslide,1.75L,11,9.99,2024-12-31
77_TAMWORTH_2729,77,TAMWORTH,2729,Hell-Cat Maggie Irish Whisky,750mL,8,19.99,2024-12-31
77_TAMWORTH_5661,77,TAMWORTH,5661,Dr McGillicuddy's Root Beer,750mL,57,13.99,2024-12-31
9_BLACKPOOL_4296,9,BLACKPOOL,4296,Ronrico Silver Rum,1.75L,19,12.99,2024-12-31
23_ARBINGTON_1893,23,ARBINGTON,1893,Port Charlotte Scotch Barley,750mL,8,59.99,2024-12-31
8_ALNERWICK_26092,8,ALNERWICK,26092,Blackstone Merlot Cal,750mL,21,7.99,2024-12-31
23_ARBINGTON_3042,23,ARBINGTON,3042,Ciroc Red Berry Vodka,375mL,8,15.49,2024-12-31
60_IRRAGIN_2942,60,IRRAGIN,2942,Glen Grant 10 Yr Single Malt,750mL,0,39.99,2024-12-31
8_ALNERWICK_1468,8,ALNERWICK,1468,Knob Creek Single Barrel Rsv,750mL,5,41.99,2024-12-31
66_EANVERNESS_4542,66,EANVERNESS,4542,Richland Rum,750mL,7,57.99,2024-12-31
69_MOUNTMEND_5525,69,MOUNTMEND,5525,Fernet-Branca Italian Liquer,750mL,12,24.99,2024-12-31
49_GARIGILL_34427,49,GARIGILL,34427,Frei Bros RSV Cab Svgn Alex,750mL,11,20.99,2024-12-31
7_STANMORE_3637,7,STANMORE,3637,Zhenka Vodka Plastic,750mL,14,5.29,2024-12-31
8_ALNERWICK_33819,8,ALNERWICK,33819,Sokol Blosser Evolution Whit,750mL,4,15.99,2024-12-31
38_GOULCREST_38133,38,GOULCREST,38133,Il Bastardo Sangiovese Tosc,750mL,160,8.99,2024-12-31
20_BREDWARDINE_8339,20,BREDWARDINE,8339,The Glenlivet 12 Yr Single,750mL,24,42.99,2024-12-31
76_DONCASTER_1003,76,DONCASTER,1003,Crown Royal VAP Glass+Coastr,750mL,222,22.99,2024-12-31
59_CLAETHORPES_3790,59,CLAETHORPES,3790,Don Julio Blanco Tequila,750mL,9,46.99,2024-12-31
6_GOULCREST_23974,6,GOULCREST,23974,Catena RSV Chard,750mL,6,16.99,2024-12-31
42_BLACK HOLLOW_24493,42,BLACK HOLLOW,24493,Buehler Cab Svgn Napa,750mL,5,26.99,2024-12-31
2_ASHBORNE_3694,2,ASHBORNE,3694,Stolichnaya Razberi,750mL,5,16.99,2024-12-31
50_MOUNTMEND_3335,50,MOUNTMEND,3335,Tanqueray Sterling Vodka,750mL,5,10.99,2024-12-31
50_MOUNTMEND_5691,50,MOUNTMEND,5691,P & J Cold Soaked Pineapples,375mL,1,13.99,2024-12-31
67_EANVERNESS_1993,67,EANVERNESS,1993,Maker's Mark 46,375mL,0,18.99,2024-12-31
50_MOUNTMEND_6798,50,MOUNTMEND,6798,Livingston Chablis Blush Ca,1.5L,10,7.99,2024-12-31
4_EANVERNESS_2432,4,EANVERNESS,2432,Crown Royal,750mL,41,22.99,2024-12-31
17_OLDHAM_5394,17,OLDHAM,5394,Goldschlager Cinnamon Schnap,375mL,10,10.99,2024-12-31
68_SOLARIS_3780,68,SOLARIS,3780,Three Olives Raspberry Vodk,750mL,44,14.99,2024-12-31
33_HORNSEY_5739,33,HORNSEY,5739,Malibu Rum,50mL,101,1.99,2024-12-31
73_DONCASTER_4251,73,DONCASTER,4251,Havana Club Anejo Clsco Gold,50mL,19,0.99,2024-12-31
56_BEGGAR'S HOLE_3571,56,BEGGAR'S HOLE,3571,Absolut Vanilia,50mL,17,1.99,2024-12-31
21_BALERNO_2468,21,BALERNO,2468,Crown Royal Nrth Harvest Rye,750mL,5,27.99,2024-12-31
47_PELLA'S WISH_36750,47,PELLA'S WISH,36750,Big House Cardinal Bst Znfdl,750mL,4,7.99,2024-12-31
52_GRAYCOTT_22801,52,GRAYCOTT,22801,Fetzer Valley Oaks Cab Svgn,1.5L,9,12.99,2024-12-31
7_STANMORE_18152,7,STANMORE,18152,Banfi Centine Mntcln Tscna,750mL,54,9.99,2024-12-31
40_BULLMAR_1883,40,BULLMAR,1883,Seagrams 7 Crown,1.75L,20,17.99,2024-12-31
67_EANVERNESS_21308,67,EANVERNESS,21308,Chloe Pnt Grigio,750mL,78,10.99,2024-12-31
64_CESTERFIELD_16806,64,CESTERFIELD,16806,Apothic Winemakers White,750mL,9,7.99,2024-12-31
39_EASTHALLOW_4277,39,EASTHALLOW,4277,Bacardi Limon Rum,375mL,12,3.99,2024-12-31
60_IRRAGIN_3529,60,IRRAGIN,3529,U V Vodka,1.75L,12,13.99,2024-12-31
67_EANVERNESS_3505,67,EANVERNESS,3505,Tito's Handmade Vodka,750mL,49,18.99,2024-12-31
67_EANVERNESS_31201,67,EANVERNESS,31201,Beringer Fndrs Est Cab Svgn,750mL,25,8.99,2024-12-31
47_PELLA'S WISH_1897,47,PELLA'S WISH,1897,Old Ezra 7Yr Bourbon,750mL,10,24.99,2024-12-31
28_LARNWICK_2290,28,LARNWICK,2290,Jim Beam Devils Cut Bourbon,750mL,5,23.99,2024-12-31
23_ARBINGTON_24971,23,ARBINGTON,24971,Hugel Gentil White,750mL,37,11.99,2024-12-31
45_VERITAS_8312,45,VERITAS,8312,Bols Curacao Orange,750mL,13,7.99,2024-12-31
74_PAENTMARWY_25900,74,PAENTMARWY,25900,La Maldita Garnache Rioja,750mL,12,9.99,2024-12-31
76_DONCASTER_3577,76,DONCASTER,3577,Effen Black Cherry & Vanilla,750mL,17,19.99,2024-12-31
63_SWORDBREAK_3584,63,SWORDBREAK,3584,Absolut Raspberri,750mL,12,17.99,2024-12-31
67_EANVERNESS_8231,67,EANVERNESS,8231,Folonari Valpolicella,1.5L,18,14.99,2024-12-31
66_EANVERNESS_43877,66,EANVERNESS,43877,Duckhorn Svgn Bl Napa,750mL,10,26.99,2024-12-31
74_PAENTMARWY_36874,74,PAENTMARWY,36874,Yellow Tail Merlot Ausl,750mL,16,7.99,2024-12-31
4_EANVERNESS_3745,4,EANVERNESS,3745,Taaka Vodka Traveler,750mL,19,4.99,2024-12-31
33_HORNSEY_43877,33,HORNSEY,43877,Duckhorn Svgn Bl Napa,750mL,3,26.99,2024-12-31
56_BEGGAR'S HOLE_5440,56,BEGGAR'S HOLE,5440,Jagermeister Liqueur,1.75L,32,31.99,2024-12-31
44_PORTHCRAWL_3574,44,PORTHCRAWL,3574,Stolichnaya Gluten Free Vodk,50mL,107,0.99,2024-12-31
30_CULCHETH_2585,30,CULCHETH,2585,Jameson Irish Whiskey,750mL,72,25.99,2024-12-31
41_LARNWICK_44828,41,LARNWICK,44828,Nicolis Valpo Clsc,750mL,16,13.99,2024-12-31
61_AETHELNEY_6581,61,AETHELNEY,6581,Ch Ste Michelle Merlot Colum,750mL,24,12.99,2024-12-31
25_CAERSHIRE_24455,25,CAERSHIRE,24455,Franciscan Cab Svgn Napa,750mL,24,16.98,2024-12-31
67_EANVERNESS_8200,67,EANVERNESS,8200,Chambord Liqueur de France,50mL,71,2.99,2024-12-31
12_LEESIDE_26456,12,LEESIDE,26456,Ravenswood Vntnrs Blnd Chard,750mL,24,7.99,2024-12-31
68_SOLARIS_10032,68,SOLARIS,10032,J Lohr October Night Chard,750mL,6,19.99,2024-12-31
56_BEGGAR'S HOLE_6980,56,BEGGAR'S HOLE,6980,Midnight Moon Blueberry,750mL,8,19.99,2024-12-31
6_GOULCREST_13454,6,GOULCREST,13454,Eden Heirloom Blnd Ice Cider,375mL,8,25.49,2024-12-31
49_GARIGILL_2487,49,GARIGILL,2487,Catskill Otay,375mL,24,35.99,2024-12-31
41_LARNWICK_28214,41,LARNWICK,28214,Lagaria Venezie Pnt Grigio,750mL,21,11.99,2024-12-31
21_BALERNO_32648,21,BALERNO,32648,Beringer Classic Wh Znfdl,1.5L,14,7.99,2024-12-31
10_HORNSEY_7788,10,HORNSEY,7788,Piehole Apple Pie,750mL,4,14.99,2024-12-31
53_HILLFAR_26091,53,HILLFAR,26091,Pacific Rim Rsl,750mL,14,8.99,2024-12-31
4_EANVERNESS_5458,4,EANVERNESS,5458,After Shock Hot & Cool Cinmn,750mL,17,15.99,2024-12-31
50_MOUNTMEND_31790,50,MOUNTMEND,31790,Dominio de Eguren Protocolo,750mL,29,9.99,2024-12-31
33_HORNSEY_44944,33,HORNSEY,44944,Sanford Santa Rita Pnt Nr,750mL,63,22.99,2024-12-31
10_HORNSEY_3879,10,HORNSEY,3879,Smirnoff 80 Proof Traveler,750mL,95,12.99,2024-12-31
2_ASHBORNE_15824,2,ASHBORNE,15824,Nozzole Chianti Clsc RSV,750mL,5,16.99,2024-12-31
61_AETHELNEY_32203,61,AETHELNEY,32203,Rancho Zabaco Heritage Znfdl,750mL,19,12.99,2024-12-31
56_BEGGAR'S HOLE_2871,56,BEGGAR'S HOLE,2871,Woodford Reserve Rye,750mL,3,37.99,2024-12-31
37_PAETHSMOUTH_1228,37,PAETHSMOUTH,1228,Glenfiddich Ancient RSV 18,750mL,7,94.99,2024-12-31
40_BULLMAR_16828,40,BULLMAR,16828,Korbel Organic Brut,750mL,5,12.99,2024-12-31
76_DONCASTER_27808,76,DONCASTER,27808,Blackstone Chard Monterey,750mL,30,7.99,2024-12-31
10_HORNSEY_3089,10,HORNSEY,3089,Evan Williams Honey Reserve,750mL,10,13.99,2024-12-31
49_GARIGILL_5750,49,GARIGILL,5750,Malibu Rum Traveler,750mL,14,12.99,2024-12-31
74_PAENTMARWY_3199,74,PAENTMARWY,3199,Grey Goose La Poire Vodka,1.75L,3,46.99,2024-12-31
9_BLACKPOOL_8442,9,BLACKPOOL,8442,1800 Silver Tequila,375mL,9,14.49,2024-12-31
11_CARDEND_6976,11,CARDEND,6976,Ruffino Chianti Clsc RSV Tan,750mL,8,18.99,2024-12-31
33_HORNSEY_8135,33,HORNSEY,8135,Choco Lat Liqueur,750mL,11,10.99,2024-12-31
30_CULCHETH_2127,30,CULCHETH,2127,Canadian Ltd,1.75L,37,10.49,2024-12-31
44_PORTHCRAWL_6499,44,PORTHCRAWL,6499,Kinky Liqueur,750mL,21,16.99,2024-12-31
9_BLACKPOOL_41170,9,BLACKPOOL,41170,Vendange Chard,500mL,12,3.99,2024-12-31
31_HORNSEY_3893,31,HORNSEY,3893,Zhenka 80 Proof,1.75L,81,9.99,2024-12-31
21_BALERNO_2844,21,BALERNO,2844,Diplome Dry Gin,750mL,7,25.99,2024-12-31
34_PITMERDEN_42255,34,PITMERDEN,42255,Ridge Three Valleys Sonoma,750mL,5,25.99,2024-12-31
41_LARNWICK_6451,41,LARNWICK,6451,Columbia Crest G E Cab Svgn,750mL,15,9.99,2024-12-31
28_LARNWICK_5111,28,LARNWICK,5111,Dr McGillicuddy's Mentholmnt,50mL,88,0.99,2024-12-31
35_HALIVAARA_3783,35,HALIVAARA,3783,Ciroc Apple Vodka,50mL,7,1.99,2024-12-31
77_TAMWORTH_5415,77,TAMWORTH,5415,Amaretto di Amore,1.75L,12,13.99,2024-12-31
51_ABERDEEN_1634,51,ABERDEEN,1634,The Famous Grouse,1.75L,13,27.99,2024-12-31
32_MOUNTMEND_32592,32,MOUNTMEND,32592,Mionetto Frizzante Prosecco,750mL,0,18.99,2024-12-31
50_MOUNTMEND_290,50,MOUNTMEND,290,Aberlour A'Bunadh Sngle Malt,750mL,10,74.99,2024-12-31
8_ALNERWICK_29118,8,ALNERWICK,29118,Santa Rita RSV Merlot,750mL,11,9.99,2024-12-31
66_EANVERNESS_8520,66,EANVERNESS,8520,Brady's Irish Cream,1.75L,15,16.99,2024-12-31
9_BLACKPOOL_4363,9,BLACKPOOL,4363,Capt Morgan Black Spiced Rum,1.75L,5,32.99,2024-12-31
2_ASHBORNE_2872,2,ASHBORNE,2872,Ashuelot Gin,750mL,28,31.99,2024-12-31
69_MOUNTMEND_8124,69,MOUNTMEND,8124,Mouton Cadet White Brdx,750mL,27,12.99,2024-12-31
75_BARNCOMBE_3347,75,BARNCOMBE,3347,Milagro Silver Tequila,1.75L,4,39.99,2024-12-31
76_DONCASTER_2465,76,DONCASTER,2465,Crown Royal Mini,50mL,69,2.99,2024-12-31
6_GOULCREST_837,6,GOULCREST,837,Bols Creme de Banana,Liter,1,9.99,2024-12-31
4_EANVERNESS_6455,4,EANVERNESS,6455,Folonari Pinot Grigio Venez,1.5L,5,14.99,2024-12-31
46__3443,46,,3443,Stolichnaya,375mL,0,8.99,2024-12-31
50_MOUNTMEND_18515,50,MOUNTMEND,18515,Masroig Sola Fred Monstant R,750mL,23,11.99,2024-12-31
50_MOUNTMEND_16472,50,MOUNTMEND,16472,Lock & Key Meritage,750mL,0,12.99,2024-12-31
50_MOUNTMEND_25707,50,MOUNTMEND,25707,Schramsberg Brut Rose,750mL,16,39.99,2024-12-31
71_CLARCTON_41254,71,CLARCTON,41254,Ch St Jean Merlot Cal,750mL,13,11.99,2024-12-31
42_BLACK HOLLOW_4390,42,BLACK HOLLOW,4390,Ron Zacapa 23 Yr Old Rum,750mL,4,42.99,2024-12-31
62_KILMARNOCK_7221,62,KILMARNOCK,7221,M & R Sweet Vermouth,1.5L,7,10.49,2024-12-31
2_ASHBORNE_5759,2,ASHBORNE,5759,Malibu Tropical Banana Rum,750mL,18,12.99,2024-12-31
4_EANVERNESS_273,4,EANVERNESS,273,Sauza Extra Gold Tequila,1.75L,82,21.99,2024-12-31
68_SOLARIS_8011,68,SOLARIS,8011,Pepe Lopez White,Liter,6,9.99,2024-12-31
6_GOULCREST_8609,6,GOULCREST,8609,Duboeuf Beaujolais Villages,750mL,12,12.99,2024-12-31
25_CAERSHIRE_44859,25,CAERSHIRE,44859,Man Cab Svgn Western Cape,750mL,13,10.99,2024-12-31
33_HORNSEY_14930,33,HORNSEY,14930,Yellow Tail Moscato,1.5L,15,8.95,2024-12-31
32_MOUNTMEND_28887,32,MOUNTMEND,28887,Livingston Nat Flvrs Chard,3L,7,12.99,2024-12-31
14_BROMWICH_46202,14,BROMWICH,46202,Yellow Tail Pnt Grigio Ausl,1.5L,53,8.95,2024-12-31
7_STANMORE_6721,7,STANMORE,6721,Piccini Chianti,1.5L,6,16.99,2024-12-31
8_ALNERWICK_23307,8,ALNERWICK,23307,Ch St Sulpice,750mL,7,12.99,2024-12-31
76_DONCASTER_5003,76,DONCASTER,5003,Brinley Shipwreck Coconut Cr,50mL,27,0.99,2024-12-31
30_CULCHETH_8259,30,CULCHETH,8259,Hornitos Platas Silver,50mL,8,2.49,2024-12-31
21_BALERNO_4053,21,BALERNO,4053,Bird Dog Strawberry Whiskey,750mL,4,12.99,2024-12-31
70_KELD_7715,70,KELD,7715,Andre Extra Dry,750mL,24,5.49,2024-12-31
10_HORNSEY_13338,10,HORNSEY,13338,C'est La Vie Pnt Nr/Syrh VDP,750mL,0,7.99,2024-12-31
79_BALLYMENA_33965,79,BALLYMENA,33965,Castellare Chianti Clsc,750mL,9,21.99,2024-12-31
33_HORNSEY_2554,33,HORNSEY,2554,WhistlePig Old World 12 Yr,750mL,7,109.99,2024-12-31
34_PITMERDEN_25843,34,PITMERDEN,25843,Ch Tour Bel Air Brdx,750mL,32,14.99,2024-12-31
73_DONCASTER_45298,73,DONCASTER,45298,Hall Cab Svgn Napa,750mL,18,49.99,2024-12-31
23_ARBINGTON_32969,23,ARBINGTON,32969,Alice White Shiraz Ausl,1.5L,18,13.99,2024-12-31
67_EANVERNESS_17167,67,EANVERNESS,17167,Kendall Jackson Vntr RSV Zin,750mL,17,9.99,2024-12-31
42_BLACK HOLLOW_8622,42,BLACK HOLLOW,8622,Dom Perignon,750mL,6,139.99,2024-12-31
59_CLAETHORPES_24588,59,CLAETHORPES,24588,Boundary Breaks OLN Rsl,750mL,4,14.99,2024-12-31
38_GOULCREST_44362,38,GOULCREST,44362,Cusumano Nero D'Avola Sicily,750mL,20,10.99,2024-12-31
32_MOUNTMEND_3283,32,MOUNTMEND,3283,New Amsterdam Apple Vodka,750mL,48,8.99,2024-12-31
49_GARIGILL_35668,49,GARIGILL,35668,Redwood Creek Merlot Cal,1.5L,13,9.99,2024-12-31
55_DRY GULCH_13081,55,DRY GULCH,13081,Dom Ferret Pouilly Fuisse,750mL,7,30.99,2024-12-31
14_BROMWICH_3671,14,BROMWICH,3671,Stolichnaya Razberi,50mL,74,1.99,2024-12-31
65_LUTON_5109,65,LUTON,5109,Dr McGillicuddy's Menth Trav,750mL,8,13.99,2024-12-31
25_CAERSHIRE_38198,25,CAERSHIRE,38198,La Carraia Orvieto Clsc,750mL,14,9.99,2024-12-31
37_PAETHSMOUTH_35412,37,PAETHSMOUTH,35412,Yellow Tail Chard Ausl,1.5L,23,8.95,2024-12-31
20_BREDWARDINE_37527,20,BREDWARDINE,37527,Redwood Creek Pnt Grigio,1.5L,7,9.99,2024-12-31
44_PORTHCRAWL_29835,44,PORTHCRAWL,29835,Casal Garcia Vinho Verde Wh,750mL,35,7.99,2024-12-31
33_HORNSEY_605,33,HORNSEY,605,Alate Kosher Wine,750mL,17,14.99,2024-12-31
55_DRY GULCH_27429,55,DRY GULCH,27429,Grahams Six Grapes,750mL,19,19.99,2024-12-31
54_GUTHRAM_3545,54,GUTHRAM,3545,Ketel One Vodka,1.75L,165,29.99,2024-12-31
68_SOLARIS_5536,68,SOLARIS,5536,St Brendans Irish Cream,50mL,19,1.49,2024-12-31
79_BALLYMENA_4491,79,BALLYMENA,4491,Calvados Marquis De St Loup,750mL,10,28.99,2024-12-31
73_DONCASTER_6193,73,DONCASTER,6193,Midnight Moon Moonshine,750mL,14,19.99,2024-12-31
81_PEMBROKE_2822,81,PEMBROKE,2822,James E Pepper 1776 Rye,750mL,8,29.99,2024-12-31
34_PITMERDEN_19948,34,PITMERDEN,19948,Josh Cellars Pnt Nr,750mL,66,16.99,2024-12-31
67_EANVERNESS_11854,67,EANVERNESS,11854,Trivento Amado Sur Malbec,750mL,14,14.99,2024-12-31
31_HORNSEY_1385,31,HORNSEY,1385,Makers Mark,750mL,20,24.99,2024-12-31
74_PAENTMARWY_13792,74,PAENTMARWY,13792,The Wolftrap Syrah Vio Mourv,750mL,15,8.99,2024-12-31
23_ARBINGTON_14240,23,ARBINGTON,14240,Ninety+Cellars Lot 2 Svgn Bl,750mL,31,8.99,2024-12-31
66_EANVERNESS_3745,66,EANVERNESS,3745,Taaka Vodka Traveler,750mL,37,4.99,2024-12-31
42_BLACK HOLLOW_6249,42,BLACK HOLLOW,6249,Rodney Strong Chard,750mL,71,10.95,2024-12-31
22_SHARNWICK_1148,22,SHARNWICK,1148,Old New England Egg Nog,750mL,0,6.99,2024-12-31
49_GARIGILL_41912,49,GARIGILL,41912,Matua Pnt Nr Marlboro,750mL,8,12.99,2024-12-31
23_ARBINGTON_28548,23,ARBINGTON,28548,St Francis Old Vines Znfdl,750mL,9,15.99,2024-12-31
69_MOUNTMEND_3610,69,MOUNTMEND,3610,Smirnoff Cranberry Vodka,750mL,14,10.99,2024-12-31
8_ALNERWICK_3606,8,ALNERWICK,3606,Smirnoff Raspberry Vodka,50mL,132,0.99,2024-12-31
27_MOUNTMEND_12368,27,MOUNTMEND,12368,Vina Zaco Tempranillo Rioja,750mL,14,11.99,2024-12-31
2_ASHBORNE_8048,2,ASHBORNE,8048,Coole Swan Irish Cream,750mL,6,24.99,2024-12-31
74_PAENTMARWY_8781,74,PAENTMARWY,8781,Rodney Strong Cab Svgn,750mL,13,16.99,2024-12-31
37_PAETHSMOUTH_7936,37,PAETHSMOUTH,7936,Bayou Spiced Rum,50mL,72,0.99,2024-12-31
7_STANMORE_22629,7,STANMORE,22629,Ryan Patrick Ryan's Rsl,750mL,3,10.99,2024-12-31
55_DRY GULCH_4334,55,DRY GULCH,4334,Casa Noble Blanco Crystal,750mL,12,34.99,2024-12-31
21_BALERNO_35123,21,BALERNO,35123,Terrabianca Campaccia,750mL,12,31.99,2024-12-31
75_BARNCOMBE_7956,75,BARNCOMBE,7956,Bayou Satsuma Rum Liqueur,50mL,92,0.99,2024-12-31
32_MOUNTMEND_5661,32,MOUNTMEND,5661,Dr McGillicuddy's Root Beer,750mL,47,13.99,2024-12-31
79_BALLYMENA_5125,79,BALLYMENA,5125,DeKuyper Anisette,750mL,13,7.99,2024-12-31
32_MOUNTMEND_8171,32,MOUNTMEND,8171,Leroux Blackberry Brandy,50mL,111,0.99,2024-12-31
14_BROMWICH_4494,14,BROMWICH,4494,Jenkins French Brandy,1.75L,11,14.99,2024-12-31
42_BLACK HOLLOW_4724,42,BLACK HOLLOW,4724,Patron Citronge Lime Liqueur,750mL,9,20.99,2024-12-31
16_LUNDY_3894,16,LUNDY,3894,Zhenka Vodka 100 Proof,1.75L,13,11.99,2024-12-31
69_MOUNTMEND_1870,69,MOUNTMEND,1870,Oban Distiller's Edition,750mL,7,79.99,2024-12-31
7_STANMORE_5680,7,STANMORE,5680,Barenjager Honey Liqueur,50mL,0,1.99,2024-12-31
30_CULCHETH_42422,30,CULCHETH,42422,Firesteed Pnt Nr Ore,750mL,63,12.99,2024-12-31
25_CAERSHIRE_6574,25,CAERSHIRE,6574,Franzia Tap Wh Znfdl Cal,5L,7,17.99,2024-12-31
19_WINTERVALE_46021,19,WINTERVALE,46021,Spellbound Cab Svgn Cal,750mL,18,12.99,2024-12-31
66_EANVERNESS_5669,66,EANVERNESS,5669,Fabrizia Blood Orange,750mL,82,16.99,2024-12-31
74_PAENTMARWY_8725,74,PAENTMARWY,8725,Chambord Royale de France,375mL,41,15.99,2024-12-31
22_SHARNWICK_16669,22,SHARNWICK,16669,Sweet Baby Vyds Blueberry,750mL,11,12.99,2024-12-31
4_EANVERNESS_1180,4,EANVERNESS,1180,Evan Williams Black Label B,1.75L,31,20.99,2024-12-31
38_GOULCREST_16393,38,GOULCREST,16393,Alamos Red Mendoza,750mL,59,9.99,2024-12-31
50_MOUNTMEND_18747,50,MOUNTMEND,18747,Ca'Momi Rosso di Napa,750mL,13,9.99,2024-12-31
76_DONCASTER_42766,76,DONCASTER,42766,14 Hands Merlot Wash,750mL,73,8.99,2024-12-31
38_GOULCREST_20992,38,GOULCREST,20992,Les Hauts de Lagarde Rouge,750mL,28,10.99,2024-12-31
59_CLAETHORPES_1093,59,CLAETHORPES,1093,Old St Andrew 3 Mini Barrels,50mL 3 Pk,4,24.99,2024-12-31
25_CAERSHIRE_5197,25,CAERSHIRE,5197,Southern Comfort,375mL,27,7.99,2024-12-31
41_LARNWICK_45090,41,LARNWICK,45090,Norton Malbec Mendoza,750mL,10,11.99,2024-12-31
24_PALPERROTH_14240,24,PALPERROTH,14240,Ninety+Cellars Lot 2 Svgn Bl,750mL,33,8.99,2024-12-31
69_MOUNTMEND_24297,69,MOUNTMEND,24297,Motto Cab Svgn Backbone,750mL,9,10.99,2024-12-31
49_GARIGILL_2230,49,GARIGILL,2230,Egan's Single Malt Irish Wh,750mL,11,34.49,2024-12-31
1_HARDERSFIELD_4899,1,HARDERSFIELD,4899,Clement Mahina Coco Liqueur,750mL,2,18.99,2024-12-31
48_NORFOLK_3790,48,NORFOLK,3790,Don Julio Blanco Tequila,750mL,8,46.99,2024-12-31
18_FURNESS_3512,18,FURNESS,3512,Pinnacle Vodka,1.75L,33,15.99,2024-12-31
11_CARDEND_3556,11,CARDEND,3556,Hard Rock Vodka,1.75L,9,12.99,2024-12-31
81_PEMBROKE_4522,81,PEMBROKE,4522,Lairds Apple Jack,750mL,15,15.99,2024-12-31
61_AETHELNEY_6596,61,AETHELNEY,6596,Kenwood Svgn Bl Sonoma,750mL,18,10.99,2024-12-31
47_PELLA'S WISH_4066,47,PELLA'S WISH,4066,Bacardi Oakheart Spiced Rum,1.75L,12,19.99,2024-12-31
63_SWORDBREAK_2045,63,SWORDBREAK,2045,Monkey 47 Dry Gin,375mL,5,37.99,2024-12-31
77_TAMWORTH_12757,77,TAMWORTH,12757,Graffigna Centenario Pnt Gri,750mL,10,9.99,2024-12-31
38_GOULCREST_33348,38,GOULCREST,33348,Greg Norman Limestone Shiraz,750mL,20,10.99,2024-12-31
44_PORTHCRAWL_7867,44,PORTHCRAWL,7867,Tooters Red-diculous 15 Pk,375mL,1,8.99,2024-12-31
68_SOLARIS_28223,68,SOLARIS,28223,Ch Ste Michelle Canoe Rdge C,750mL,8,15.99,2024-12-31
7_STANMORE_3709,7,STANMORE,3709,Aslanoff Vodka,1.75L,24,13.99,2024-12-31
53_HILLFAR_2899,53,HILLFAR,2899,Laphroiag Select Single Malt,750mL,2,44.99,2024-12-31
51_ABERDEEN_6742,51,ABERDEEN,6742,Rodney Strong Chalk Hill Cha,750mL,18,16.99,2024-12-31
79_BALLYMENA_3394,79,BALLYMENA,3394,Blue Nectar Silver Tequila,750mL,3,29.99,2024-12-31
33_HORNSEY_7279,33,HORNSEY,7279,Yago Sant'Gria Red,1.5L,12,7.99,2024-12-31
76_DONCASTER_36200,76,DONCASTER,36200,Four Vines Old Vine Zin,750mL,11,11.99,2024-12-31
37_PAETHSMOUTH_8236,37,PAETHSMOUTH,8236,Jim Beam,50mL,69,1.49,2024-12-31
25_CAERSHIRE_3791,25,CAERSHIRE,3791,Jose Cuervo Especial Silver,375mL,10,10.99,2024-12-31
67_EANVERNESS_5491,67,EANVERNESS,5491,Rumpleminze,50mL,67,1.99,2024-12-31
23_ARBINGTON_6574,23,ARBINGTON,6574,Franzia Tap Wh Znfdl Cal,5L,12,17.99,2024-12-31
2_ASHBORNE_8421,2,ASHBORNE,8421,Beringer Classic Wh Znfdl,750mL,20,6.99,2024-12-31
79_BALLYMENA_7917,79,BALLYMENA,7917,Tooters Ala-Bama Slama 15 Pk,375mL,11,8.99,2024-12-31
55_DRY GULCH_4298,55,DRY GULCH,4298,Bacardi Raspberry Rum,50mL,13,0.99,2024-12-31
14_BROMWICH_38441,14,BROMWICH,38441,Toasted Head Cab Svgn,750mL,12,9.99,2024-12-31
40_BULLMAR_3780,40,BULLMAR,3780,Three Olives Raspberry Vodk,750mL,7,14.99,2024-12-31
58_HARTLEPOOL_3791,58,HARTLEPOOL,3791,Jose Cuervo Especial Silver,375mL,10,10.99,2024-12-31
81_PEMBROKE_24049,81,PEMBROKE,24049,Ozeki Hana Awaka Sprkl Sake,250mL,7,8.99,2024-12-31
61_AETHELNEY_16794,61,AETHELNEY,16794,Freakshow Cab Svgn,750mL,55,17.99,2024-12-31
55_DRY GULCH_12109,55,DRY GULCH,12109,La Crema Pnt Nr Monterey,750mL,31,18.99,2024-12-31
4_EANVERNESS_2756,4,EANVERNESS,2756,Jameson Caskmates,750mL,38,29.99,2024-12-31
51_ABERDEEN_26821,51,ABERDEEN,26821,Estancia Merlot Central Cst,750mL,20,9.99,2024-12-31
76_DONCASTER_5205,76,DONCASTER,5205,Don Felix Plata Tequila,750mL,9,33.99,2024-12-31
14_BROMWICH_3489,14,BROMWICH,3489,Tanqueray,1.75L,54,27.99,2024-12-31
33_HORNSEY_44362,33,HORNSEY,44362,Cusumano Nero D'Avola Sicily,750mL,2,10.99,2024-12-31
23_ARBINGTON_3528,23,ARBINGTON,3528,Don Felix Anejo Tequila,750mL,6,40.99,2024-12-31
73_DONCASTER_8258,73,DONCASTER,8258,Campari,750mL,13,29.99,2024-12-31
26_KNIFE'S EDGE_3726,26,KNIFE'S EDGE,3726,Gilbeys Vodka Traveler,750mL,15,4.99,2024-12-31
71_CLARCTON_27835,71,CLARCTON,27835,Wild Horse CC Pnt Nr,750mL,3,15.99,2024-12-31
46__3612,46,,3612,Taaka Vodka,1.75L,0,8.99,2024-12-31
21_BALERNO_21861,21,BALERNO,21861,Diseno Red Blend Mendoza,750mL,11,11.99,2024-12-31
68_SOLARIS_6267,68,SOLARIS,6267,Kinky Gold Liqueur,750mL,16,16.99,2024-12-31
67_EANVERNESS_27233,67,EANVERNESS,27233,Turning Leaf RSV Merlot Cal,750mL,19,5.99,2024-12-31
79_BALLYMENA_12212,79,BALLYMENA,12212,Black Box Svgn Bl,3L,6,18.99,2024-12-31
62_KILMARNOCK_7718,62,KILMARNOCK,7718,Andre Pink,750mL,33,5.49,2024-12-31
50_MOUNTMEND_44712,50,MOUNTMEND,44712,Sonoma-Cutrer Chard Sonoma,750mL,14,20.99,2024-12-31
38_GOULCREST_5525,38,GOULCREST,5525,Fernet-Branca Italian Liquer,750mL,7,24.99,2024-12-31
36_LEWES_5212,36,LEWES,5212,Margaritaville Silver,1.75L,7,19.99,2024-12-31
81_PEMBROKE_6647,81,PEMBROKE,6647,Estancia Chard,750mL,27,8.99,2024-12-31
10_HORNSEY_4524,10,HORNSEY,4524,Smoky Quartz Granite Cst Rum,750mL,10,27.49,2024-12-31
73_DONCASTER_26821,73,DONCASTER,26821,Estancia Merlot Central Cst,750mL,19,9.99,2024-12-31
55_DRY GULCH_26495,55,DRY GULCH,26495,Buglioni Disperato Bianco,750mL,17,18.99,2024-12-31
6_GOULCREST_41970,6,GOULCREST,41970,Troublemaker Red,750mL,5,14.99,2024-12-31
49_GARIGILL_1848,49,GARIGILL,1848,Oban Little Bay Single Malt,750mL,1,59.99,2024-12-31
44_PORTHCRAWL_2686,44,PORTHCRAWL,2686,AnCnoc 12 Yr Old Scotch,750mL,6,37.99,2024-12-31
8_ALNERWICK_3150,8,ALNERWICK,3150,Svedka Mango Pineapple Vodka,750mL,7,10.99,2024-12-31
67_EANVERNESS_7951,67,EANVERNESS,7951,Auchentoshan Three Wood,750mL,10,69.99,2024-12-31
34_PITMERDEN_21834,34,PITMERDEN,21834,Meiomi Chard,750mL,7,14.99,2024-12-31
72_HARDERSFIELD_3626,72,HARDERSFIELD,3626,Sauza Extra Gold Tequila,750mL,32,12.99,2024-12-31
15_WANBORNE_26814,15,WANBORNE,26814,Simonnet-Febvre 14 Chablis,750mL,8,16.99,2024-12-31
50_MOUNTMEND_8473,50,MOUNTMEND,8473,1800 Silver Tequila,1.75L,36,41.99,2024-12-31
70_KELD_5627,70,KELD,5627,Flag Hill Sugar Maple Liquer,375mL,5,18.99,2024-12-31
76_DONCASTER_23516,76,DONCASTER,23516,Chloe Pnt Nr,750mL,22,10.99,2024-12-31
26_KNIFE'S EDGE_4222,26,KNIFE'S EDGE,4222,Bacardi Gold Rum,750mL,7,9.99,2024-12-31
1_HARDERSFIELD_26426,1,HARDERSFIELD,26426,Pommery Brut Royale,750mL,6,29.99,2024-12-31
64_CESTERFIELD_2219,64,CESTERFIELD,2219,Crown Royal Vanilla,50mL,33,1.99,2024-12-31
61_AETHELNEY_25678,61,AETHELNEY,25678,Ch Recougne Brdx Superieur,750mL,9,13.99,2024-12-31
4_EANVERNESS_15295,4,EANVERNESS,15295,Flip Flop Pnt Grigio,750mL,15,4.99,2024-12-31
77_TAMWORTH_7990,77,TAMWORTH,7990,Noilly Prat Sweet Vermouth,Liter,11,9.99,2024-12-31
9_BLACKPOOL_10058,9,BLACKPOOL,10058,F Coppola Dmd Ivry Cab Svgn,750mL,12,14.99,2024-12-31
75_BARNCOMBE_11970,75,BARNCOMBE,11970,Zaccagnini Montepulciano Rsv,750mL,5,14.99,2024-12-31
35_HALIVAARA_39708,35,HALIVAARA,39708,R Mondavi Pvt Sln Pnt Grigio,750mL,18,8.99,2024-12-31
49_GARIGILL_759,49,GARIGILL,759,Bunnahabhain 12 Yr Single,750mL,4,59.99,2024-12-31
27_MOUNTMEND_753,27,MOUNTMEND,753,LaBelle Winery Blueberry,750mL,72,19.99,2024-12-31
57_LANTEGLOS_1415,57,LANTEGLOS,1415,Old Grand Dad,750mL,11,13.99,2024-12-31
30_CULCHETH_5713,30,CULCHETH,5713,DeKuyper Sour Apple Pucker,1.75L,9,16.99,2024-12-31
2_ASHBORNE_3731,2,ASHBORNE,3731,Absolut Apeach,750mL,11,17.99,2024-12-31
28_LARNWICK_4199,28,LARNWICK,4199,Sauza Blanco Tequila,1.75L,40,21.99,2024-12-31
44_PORTHCRAWL_3704,44,PORTHCRAWL,3704,Ciroc Pineapple Vodka,750mL,57,24.99,2024-12-31
44_PORTHCRAWL_3560,44,PORTHCRAWL,3560,Ciroc Amaretto Vodka,375mL,2,15.49,2024-12-31
57_LANTEGLOS_3396,57,LANTEGLOS,3396,Smirnoff Vanilla Vodka,1.75L,5,18.99,2024-12-31
32_MOUNTMEND_8630,32,MOUNTMEND,8630,Fontana Candida Frascati,750mL,5,9.99,2024-12-31
11_CARDEND_17595,11,CARDEND,17595,Ch La Gordonne Rose,750mL,2,16.99,2024-12-31
6_GOULCREST_3923,6,GOULCREST,3923,Don Julio 1942 Anejo Tequila,750mL,5,133.99,2024-12-31
64_CESTERFIELD_19175,64,CESTERFIELD,19175,Melini Chianti DOCG Riserva,750mL,14,11.99,2024-12-31
53_HILLFAR_31494,53,HILLFAR,31494,Barefoot Merlot Cal,1.5L,8,10.99,2024-12-31
53_HILLFAR_652,53,HILLFAR,652,Frangelico Gift Pack 2 Glass,750mL,1,21.99,2024-12-31
43_WOLFORD_8469,43,WOLFORD,8469,1800 Reposado Gold Tequila,750mL,9,22.99,2024-12-31
2_ASHBORNE_10239,2,ASHBORNE,10239,Cannonball Cab Svgn Cal,750mL,7,13.99,2024-12-31
34_PITMERDEN_25699,34,PITMERDEN,25699,Havens Merlot Napa 13,750mL,101,19.99,2024-12-31
73_DONCASTER_8725,73,DONCASTER,8725,Chambord Royale de France,375mL,19,15.99,2024-12-31
55_DRY GULCH_17867,55,DRY GULCH,17867,Beringer Classic Wh Zin Mosc,750mL,22,6.99,2024-12-31
4_EANVERNESS_5185,4,EANVERNESS,5185,Irish Manor Irish Cream,1.75L,16,19.99,2024-12-31
76_DONCASTER_17341,76,DONCASTER,17341,Lobster & Shrimp Muscadet,750mL,17,7.99,2024-12-31
21_BALERNO_3388,21,BALERNO,3388,Seagrams Extra Dry Gin,750mL,10,9.99,2024-12-31
46__8504,46,,8504,R M Woodbridge Cab Svgn Cal,1.5L,0,8.99,2024-12-31
32_MOUNTMEND_14004,32,MOUNTMEND,14004,Layer Cake Chard,750mL,5,12.99,2024-12-31
51_ABERDEEN_22531,51,ABERDEEN,22531,BV Coastal Estate Chard,750mL,16,7.99,2024-12-31
1_HARDERSFIELD_4174,1,HARDERSFIELD,4174,Kraken Black Spiced Rum 94P,1.75L,11,28.99,2024-12-31
23_ARBINGTON_13779,23,ARBINGTON,13779,Banfi Centine Rose Toscana,750mL,3,9.99,2024-12-31
50_MOUNTMEND_45457,50,MOUNTMEND,45457,R Mondavi Meritage Pvt Slctn,750mL,12,8.99,2024-12-31
7_STANMORE_3827,7,STANMORE,3827,Popov Vodka,1.75L,29,12.99,2024-12-31
69_MOUNTMEND_32604,69,MOUNTMEND,32604,Kendall Jackson Vt RSV Syrah,750mL,5,9.99,2024-12-31
66_EANVERNESS_5656,66,EANVERNESS,5656,Cabin Fever Maple Liqueur,50mL,0,1.49,2024-12-31
33_HORNSEY_24294,33,HORNSEY,24294,La Gr Comtadine Vacqueyras C,750mL,6,19.99,2024-12-31
34_PITMERDEN_17294,34,PITMERDEN,17294,Defesa Tinto Red Alentejo,750mL,4,12.99,2024-12-31
13_TARMSWORTH_28214,13,TARMSWORTH,28214,Lagaria Venezie Pnt Grigio,750mL,12,11.99,2024-12-31
7_STANMORE_5820,7,STANMORE,5820,Dr McGillicuddy's Peppermint,750mL,29,13.99,2024-12-31
28_LARNWICK_3231,28,LARNWICK,3231,Pinnacle Tropical Punch Vdka,750mL,14,10.99,2024-12-31
48_NORFOLK_6256,48,NORFOLK,6256,Sutter Home Chard,1.5L,10,9.99,2024-12-31
24_PALPERROTH_7345,24,PALPERROTH,7345,M & R Asti,750mL,41,10.99,2024-12-31
68_SOLARIS_5396,68,SOLARIS,5396,Tia Maria Coffee Liqueur,750mL,13,16.99,2024-12-31
38_GOULCREST_24817,38,GOULCREST,24817,Mirassou Pnt Nr,1.5L,17,17.99,2024-12-31
75_BARNCOMBE_4130,75,BARNCOMBE,4130,Kraken Black Spiced Rum 94P,375mL,6,11.99,2024-12-31
69_MOUNTMEND_3943,69,MOUNTMEND,3943,Skyy Barcraft White Sangria,750mL,6,11.99,2024-12-31
74_PAENTMARWY_39648,74,PAENTMARWY,39648,Ch Ste Michelle Indn W Chard,750mL,8,14.99,2024-12-31
20_BREDWARDINE_38822,20,BREDWARDINE,38822,Castano Yecla Monastrell Red,750mL,8,11.99,2024-12-31
49_GARIGILL_6692,49,GARIGILL,6692,Jaboulet Cotes du Rhone Par,750mL,58,12.99,2024-12-31
55_DRY GULCH_2611,55,DRY GULCH,2611,Dewar's 15 Yr Old Rsv,750mL,5,39.99,2024-12-31
10_HORNSEY_3412,10,HORNSEY,3412,Skyy Infusions Pineapple,750mL,16,12.99,2024-12-31
56_BEGGAR'S HOLE_8021,56,BEGGAR'S HOLE,8021,Glenfiddich Special Rsv 12,750mL,5,42.99,2024-12-31
4_EANVERNESS_15619,4,EANVERNESS,15619,Beringer Classic Red Moscato,750mL,72,6.99,2024-12-31
56_BEGGAR'S HOLE_31231,56,BEGGAR'S HOLE,31231,Nobilo Svgn Bl MarlborougH,750mL,22,9.99,2024-12-31
24_PALPERROTH_42874,24,PALPERROTH,42874,Decoy by Duckhorn Red,750mL,22,16.95,2024-12-31
43_WOLFORD_40425,43,WOLFORD,40425,Mionetto Prosecco Brut,750mL,3,10.99,2024-12-31
36_LEWES_4689,36,LEWES,4689,Hennessy Privilege VSOP,750mL,24,46.99,2024-12-31
74_PAENTMARWY_2668,74,PAENTMARWY,2668,Dewars White Label,375mL,48,13.99,2024-12-31
34_PITMERDEN_8452,34,PITMERDEN,8452,Cruzan Aged Light Rum,1.75L,16,16.99,2024-12-31
70_KELD_27361,70,KELD,27361,Borsao Campo de Borja Red,750mL,6,10.99,2024-12-31
73_DONCASTER_7320,73,DONCASTER,7320,Malibu Rum Punch RTD,1.75L,9,17.99,2024-12-31
69_MOUNTMEND_27879,69,MOUNTMEND,27879,I Perazzi La Mozza Sangioves,750mL,12,17.99,2024-12-31
67_EANVERNESS_2916,67,EANVERNESS,2916,Royal Brackla 12 Yr Scotch,750mL,14,63.99,2024-12-31
76_DONCASTER_14983,76,DONCASTER,14983,Ken Wright Clrs Willa Pnt Nr,750mL,14,25.99,2024-12-31
71_CLARCTON_4380,71,CLARCTON,4380,Ron Virgin Heavy Bodied Rum,1.75L,16,13.99,2024-12-31
36_LEWES_1545,36,LEWES,1545,Gentleman Jack,750mL,21,28.99,2024-12-31
10_HORNSEY_23902,10,HORNSEY,23902,Dom St Andrieu Rose CdP,750mL,6,15.99,2024-12-31
79_BALLYMENA_23067,79,BALLYMENA,23067,Perrier Jouet Grand Brut,375mL,17,20.99,2024-12-31
81_PEMBROKE_19120,81,PEMBROKE,19120,Bodegas Borsao Berola,750mL,12,12.99,2024-12-31
57_LANTEGLOS_2433,57,LANTEGLOS,2433,Crown Royal X R Extra Rare,750mL,2,131.99,2024-12-31
49_GARIGILL_16890,49,GARIGILL,16890,The Seeker Pinot Noir,750mL,60,6.49,2024-12-31
72_HARDERSFIELD_42167,72,HARDERSFIELD,42167,Tempranillo Venta Mazzaron,750mL,7,14.99,2024-12-31
31_HORNSEY_16441,31,HORNSEY,16441,Bota Box RedVolution,3L,7,17.99,2024-12-31
71_CLARCTON_41072,71,CLARCTON,41072,Angeline Pnt Nr Rsv,750mL,28,11.99,2024-12-31
59_CLAETHORPES_25883,59,CLAETHORPES,25883,Honig Cab Svgn Napa,750mL,10,36.99,2024-12-31
51_ABERDEEN_1233,51,ABERDEEN,1233,Jack Daniels No 7 Black,1.75L,148,34.99,2024-12-31
19_WINTERVALE_34431,19,WINTERVALE,34431,Beaulieu Cab Svgn Napa,750mL,7,19.99,2024-12-31
67_EANVERNESS_25676,67,EANVERNESS,25676,NxNW Cab Svgn Columbia Vly,750mL,10,23.99,2024-12-31
10_HORNSEY_5525,10,HORNSEY,5525,Fernet-Branca Italian Liquer,750mL,5,24.99,2024-12-31
66_EANVERNESS_24503,66,EANVERNESS,24503,Far Niente Chard Napa,750mL,15,69.99,2024-12-31
31_HORNSEY_3969,31,HORNSEY,3969,Jose Cuervo Tradicional,750mL,16,20.99,2024-12-31
14_BROMWICH_32479,14,BROMWICH,32479,Danzante Del Vnzi Pnt Grigio,750mL,9,10.99,2024-12-31
58_HARTLEPOOL_24458,58,HARTLEPOOL,24458,Franciscan Magnificat Red,750mL,2,38.99,2024-12-31
13_TARMSWORTH_5734,13,TARMSWORTH,5734,Malibu Rum,1.75L,36,21.99,2024-12-31
57_LANTEGLOS_8092,57,LANTEGLOS,8092,Johnnie Walker Red Label,50mL,23,2.29,2024-12-31
4_EANVERNESS_3918,4,EANVERNESS,3918,Cabo Wabo Anejo Tequila,750mL,9,42.99,2024-12-31
52_GRAYCOTT_46380,52,GRAYCOTT,46380,Ghost Pines Chard L Martini,750mL,14,16.99,2024-12-31
81_PEMBROKE_40193,81,PEMBROKE,40193,Mark West Chard Sonoma Cnty,750mL,98,9.99,2024-12-31
60_IRRAGIN_28548,60,IRRAGIN,28548,St Francis Old Vines Znfdl,750mL,10,15.99,2024-12-31
32_MOUNTMEND_17875,32,MOUNTMEND,17875,Darkhorse Chard,750mL,5,7.99,2024-12-31
33_HORNSEY_24699,33,HORNSEY,24699,Alfred Gratien Champagne Bru,750mL,12,45.99,2024-12-31
74_PAENTMARWY_202,74,PAENTMARWY,202,Ketel One Citroen Vodka,Liter,27,28.99,2024-12-31
10_HORNSEY_809,10,HORNSEY,809,Southern Comfort,Liter,8,19.99,2024-12-31
67_EANVERNESS_14416,67,EANVERNESS,14416,J Lohr Falcons Perch Pnt Nr,750mL,7,13.99,2024-12-31
38_GOULCREST_26692,38,GOULCREST,26692,Faiveley Meursault  4 Blagny,750mL,2,62.99,2024-12-31
55_DRY GULCH_27274,55,DRY GULCH,27274,Jos Phelps Insignia 13,750mL,12,209.99,2024-12-31
2_ASHBORNE_5897,2,ASHBORNE,5897,99 Bananas,750mL,11,11.99,2024-12-31
15_WANBORNE_1758,15,WANBORNE,1758,Aberlour Glenlivet 12 Yr,750mL,4,41.99,2024-12-31
68_SOLARIS_4366,68,SOLARIS,4366,Kraken Black Rum 70 Proof,750mL,12,17.99,2024-12-31
37_PAETHSMOUTH_2143,37,PAETHSMOUTH,2143,Canadian Mist,1.75L,31,13.99,2024-12-31
17_OLDHAM_3882,17,OLDHAM,3882,Smirnoff Strawberry Vodka,750mL,2,10.99,2024-12-31
44_PORTHCRAWL_38133,44,PORTHCRAWL,38133,Il Bastardo Sangiovese Tosc,750mL,60,8.99,2024-12-31
60_IRRAGIN_7535,60,IRRAGIN,7535,Gekkeikan Sake,750mL,24,5.99,2024-12-31
17_OLDHAM_31466,17,OLDHAM,31466,Ch Carignan Brdx,750mL,3,21.99,2024-12-31
23_ARBINGTON_32084,23,ARBINGTON,32084,Heidsieck Brut Monopole Epe,750mL,79,26.99,2024-12-31
68_SOLARIS_16749,68,SOLARIS,16749,Ninety+Cellars Lot 50 Prosco,750mL,0,8.99,2024-12-31
69_MOUNTMEND_17086,69,MOUNTMEND,17086,Harrison Clarke Syrah,750mL,42,39.99,2024-12-31
27_MOUNTMEND_6725,27,MOUNTMEND,6725,Franzia Crisp White Tap,5L,13,12.99,2024-12-31
68_SOLARIS_15824,68,SOLARIS,15824,Nozzole Chianti Clsc RSV,750mL,7,16.99,2024-12-31
14_BROMWICH_15321,14,BROMWICH,15321,Blufeld Rsl,750mL,12,8.99,2024-12-31
51_ABERDEEN_5662,51,ABERDEEN,5662,Skinnygirl W Peach Margarita,750mL,23,10.99,2024-12-31
23_ARBINGTON_833,23,ARBINGTON,833,Bols White Creme De Cacao,Liter,10,9.99,2024-12-31
34_PITMERDEN_12343,34,PITMERDEN,12343,Bota Box Znfdl,3L,8,17.99,2024-12-31
15_WANBORNE_3951,15,WANBORNE,3951,Hornitos Reposado Tequila,50mL,193,2.49,2024-12-31
46__800,46,,800,Jameson Irish Whiskey,Liter,0,32.99,2024-12-31
61_AETHELNEY_2246,61,AETHELNEY,2246,Speyburn Bradan Orach,750mL,4,18.99,2024-12-31
40_BULLMAR_8485,40,BULLMAR,8485,Gozio Amaretto,750mL,4,17.99,2024-12-31
36_LEWES_27735,36,LEWES,27735,Bogle Cab Svgn Cal,750mL,26,10.99,2024-12-31
58_HARTLEPOOL_3608,58,HARTLEPOOL,3608,Smirnoff Orange Vodka,50mL,120,0.99,2024-12-31
22_SHARNWICK_3905,22,SHARNWICK,3905,Deep Eddy Vodka,1.75L,11,22.99,2024-12-31
64_CESTERFIELD_8454,64,CESTERFIELD,8454,Tres Agaves Anejo Tequila,750mL,5,32.99,2024-12-31
12_LEESIDE_8085,12,LEESIDE,8085,Wild Turkey,1.75L,19,29.99,2024-12-31
40_BULLMAR_5401,40,BULLMAR,5401,Jagermeister Liqueur,200mL,34,4.99,2024-12-31
66_EANVERNESS_16749,66,EANVERNESS,16749,Ninety+Cellars Lot 50 Prosco,750mL,10,8.99,2024-12-31
77_TAMWORTH_5027,77,TAMWORTH,5027,99 Apples Schnapps Liqueur,750mL,14,11.99,2024-12-31
79_BALLYMENA_921,79,BALLYMENA,921,El Tesoro Platinum Tequila,750mL,6,39.99,2024-12-31
23_ARBINGTON_5322,23,ARBINGTON,5322,Linie Aquavit,750mL,10,25.99,2024-12-31
5_SUTTON_27461,5,SUTTON,27461,Ecco Domani Pnt Grigio Venez,750mL,8,8.99,2024-12-31
40_BULLMAR_5365,40,BULLMAR,5365,Kahlua,750mL,66,18.99,2024-12-31
42_BLACK HOLLOW_5195,42,BLACK HOLLOW,5195,Jenkins Melon Liqueur,750mL,9,5.99,2024-12-31
30_CULCHETH_3524,30,CULCHETH,3524,Pravda Polish Vodka,750mL,8,19.99,2024-12-31
66_EANVERNESS_8189,66,EANVERNESS,8189,Camarena Silver Tequila,1.75L,8,31.99,2024-12-31
65_LUTON_821,65,LUTON,821,Grand Marnier,Liter,5,38.99,2024-12-31
14_BROMWICH_2435,14,BROMWICH,2435,Crown Royal RSV,750mL,8,38.99,2024-12-31
81_PEMBROKE_14279,81,PEMBROKE,14279,Movendo Moscato,750mL,9,10.99,2024-12-31
66_EANVERNESS_361,66,EANVERNESS,361,Effen Cucumber Vodka,750mL,16,19.99,2024-12-31
34_PITMERDEN_15871,34,PITMERDEN,15871,Cyan Toro Zamora,750mL,5,15.99,2024-12-31
15_WANBORNE_6526,15,WANBORNE,6526,Peter Lehmann Shiraz,750mL,12,16.99,2024-12-31
4_EANVERNESS_3528,4,EANVERNESS,3528,Don Felix Anejo Tequila,750mL,5,40.99,2024-12-31
69_MOUNTMEND_4241,69,MOUNTMEND,4241,Capt Morgan Spiced Rum,50mL,128,1.99,2024-12-31
12_LEESIDE_4103,12,LEESIDE,4103,Capt Morgan White,750mL,8,14.99,2024-12-31
61_AETHELNEY_2862,61,AETHELNEY,2862,Pinch 15-Yr by Haig & Haig,750mL,3,36.99,2024-12-31
29_AYLESBURY_2658,29,AYLESBURY,2658,Cutty Sark,750mL,1,15.99,2024-12-31
54_GUTHRAM_14652,54,GUTHRAM,14652,Cambria Benchbreak Spl Chard,750mL,8,15.99,2024-12-31
55_DRY GULCH_20598,55,DRY GULCH,20598,Perez Cruz Cab Svgn Rsva,750mL,19,15.99,2024-12-31
66_EANVERNESS_14631,66,EANVERNESS,14631,Dom Serene Yamhill Cv Pnt Nr,750mL,13,36.99,2024-12-31
69_MOUNTMEND_2171,69,MOUNTMEND,2171,Pike Creek Canadian Whisky,750mL,8,21.99,2024-12-31
73_DONCASTER_25416,73,DONCASTER,25416,Gaston Chiquet Trad Brut 1er,750mL,12,39.99,2024-12-31
60_IRRAGIN_8345,60,IRRAGIN,8345,R M Woodbridge Cab Svgn Cal,750mL,46,7.99,2024-12-31
23_ARBINGTON_35959,23,ARBINGTON,35959,Stags Leap Winery Cab Svgn,750mL,3,54.99,2024-12-31
45_VERITAS_36378,45,VERITAS,36378,MezzaCorona Pnt Grigio,1.5L,22,10.99,2024-12-31
12_LEESIDE_1180,12,LEESIDE,1180,Evan Williams Black Label B,1.75L,18,20.99,2024-12-31
76_DONCASTER_21951,76,DONCASTER,21951,Ruffino Aziano Chianti Clsc,750mL,30,12.99,2024-12-31
1_HARDERSFIELD_44199,1,HARDERSFIELD,44199,Foris Rogue Vly Gewurz,750mL,1,12.99,2024-12-31
34_PITMERDEN_37656,34,PITMERDEN,37656,MacMurray Ranch Sonma Pnt Nr,750mL,172,19.99,2024-12-31
55_DRY GULCH_7931,55,DRY GULCH,7931,Tooters Blu-D Kamikazi 15 Pk,375mL,3,8.99,2024-12-31
50_MOUNTMEND_24621,50,MOUNTMEND,24621,Cline Chard Sonoma Cst,750mL,20,12.99,2024-12-31
77_TAMWORTH_8262,77,TAMWORTH,8262,Metcalfe's Vermont Maple,750mL,26,21.99,2024-12-31
37_PAETHSMOUTH_3456,37,PAETHSMOUTH,3456,Tanqueray Sterling Vodka,1.75L,16,19.99,2024-12-31
66_EANVERNESS_1891,66,EANVERNESS,1891,Oban 18 Yr Single Malt,750mL,5,109.99,2024-12-31
68_SOLARIS_2085,68,SOLARIS,2085,Jesse James America's Outlaw,750mL,3,13.99,2024-12-31
39_EASTHALLOW_8470,39,EASTHALLOW,8470,1800 Reposado Gold Tequila,50mL,21,2.79,2024-12-31
30_CULCHETH_43365,30,CULCHETH,43365,Cavit Riesling Trentino,1.5L,6,9.99,2024-12-31
66_EANVERNESS_4858,66,EANVERNESS,4858,Kraken Black Spiced Rum 94P,50mL,58,1.99,2024-12-31
74_PAENTMARWY_11888,74,PAENTMARWY,11888,Penfolds Koonunga Hills Shir,750mL,21,14.99,2024-12-31
34_PITMERDEN_23772,34,PITMERDEN,23772,Ch Pontet Canet 12 Pauillac,750mL,8,133.99,2024-12-31
15_WANBORNE_2757,15,WANBORNE,2757,Johnnie Walker Red Label,1.75L,215,28.99,2024-12-31
2_ASHBORNE_3626,2,ASHBORNE,3626,Sauza Extra Gold Tequila,750mL,7,12.99,2024-12-31
67_EANVERNESS_40175,67,EANVERNESS,40175,M & R Asti 4 Pak,187mL 4 Pk,112,11.99,2024-12-31
41_LARNWICK_31542,41,LARNWICK,31542,Morgan Winery Twelve Clones,750mL,50,24.99,2024-12-31
58_HARTLEPOOL_38406,58,HARTLEPOOL,38406,Simi Landslide Cab Svgn Alex,750mL,4,23.99,2024-12-31
38_GOULCREST_3216,38,GOULCREST,3216,Fleischmanns X Dry Gin,1.75L,34,9.99,2024-12-31
43_WOLFORD_37401,43,WOLFORD,37401,Excelsior S Afr Cab Svgn,750mL,3,8.99,2024-12-31
49_GARIGILL_3815,49,GARIGILL,3815,Solid Granite Vodka,750mL,5,27.99,2024-12-31
78_EASTHAVEN_19453,78,EASTHAVEN,19453,Wente Southern Hill Cab Svgn,750mL,6,13.99,2024-12-31
66_EANVERNESS_5410,66,EANVERNESS,5410,Raspberry di Amore,750mL,47,7.99,2024-12-31
2_ASHBORNE_1249,2,ASHBORNE,1249,Jim Beam Apple,1.75L,0,24.99,2024-12-31
44_PORTHCRAWL_5447,44,PORTHCRAWL,5447,Jagermeister Liqueur,375mL,50,9.99,2024-12-31
59_CLAETHORPES_26275,59,CLAETHORPES,26275,Fathom Merlot 13,750mL,0,12.99,2024-12-31
67_EANVERNESS_46766,67,EANVERNESS,46766,Tom Eddy Elodian Cab Svgn,750mL,12,32.99,2024-12-31
15_WANBORNE_3929,15,WANBORNE,3929,Los Amantes Mezcal,750mL,8,42.99,2024-12-31
30_CULCHETH_3452,30,CULCHETH,3452,Vanya Light Vodka,1.75L,25,6.99,2024-12-31
25_CAERSHIRE_3161,25,CAERSHIRE,3161,New Amsterdam Red Berry,750mL,39,10.99,2024-12-31
47_PELLA'S WISH_2520,47,PELLA'S WISH,2520,The Macallan 12 Yr Old,750mL,35,54.99,2024-12-31
34_PITMERDEN_3695,34,PITMERDEN,3695,Rain Handcrafted Vodka,750mL,15,11.99,2024-12-31
62_KILMARNOCK_3763,62,KILMARNOCK,3763,Patron Anejo Tequila,375mL,9,27.99,2024-12-31
43_WOLFORD_3174,43,WOLFORD,3174,Cold River Vodka,750mL,7,29.99,2024-12-31
51_ABERDEEN_2658,51,ABERDEEN,2658,Cutty Sark,750mL,3,15.99,2024-12-31
29_AYLESBURY_26945,29,AYLESBURY,26945,Ferrari-Carano Fume Bl,750mL,8,9.99,2024-12-31
6_GOULCREST_35318,6,GOULCREST,35318,Jewell Towne Marechal Foch,750mL,8,11.49,2024-12-31
9_BLACKPOOL_3967,9,BLACKPOOL,3967,Deep Eddy Ruby Red,750mL,42,15.99,2024-12-31
62_KILMARNOCK_2508,62,KILMARNOCK,2508,Crown Royal No Harvest Rye,50mL,0,1.99,2024-12-31
77_TAMWORTH_13154,77,TAMWORTH,13154,Clayhouse Malbec Paso Robles,750mL,5,13.99,2024-12-31
61_AETHELNEY_4204,61,AETHELNEY,4204,Bacardi Coco Rum,750mL,5,9.99,2024-12-31
71_CLARCTON_3421,71,CLARCTON,3421,Stolichnaya Blueberi,50mL,92,1.99,2024-12-31
2_ASHBORNE_6451,2,ASHBORNE,6451,Columbia Crest G E Cab Svgn,750mL,27,9.99,2024-12-31
49_GARIGILL_31524,49,GARIGILL,31524,Rosemount Pnt Nr Ausl,750mL,19,8.99,2024-12-31
15_WANBORNE_4550,15,WANBORNE,4550,E & J XO Brandy,750mL,66,12.99,2024-12-31
23_ARBINGTON_8480,23,ARBINGTON,8480,Clan MacGregor,1.75L,28,14.99,2024-12-31
24_PALPERROTH_8223,24,PALPERROTH,8223,Dom Chandon Blanc de Noir C,750mL,17,13.99,2024-12-31
49_GARIGILL_10254,49,GARIGILL,10254,Beringer Classic Chard,750mL,20,6.99,2024-12-31
54_GUTHRAM_8149,54,GUTHRAM,8149,Sebastiani Cab Svgn Sonoma,750mL,15,19.99,2024-12-31
70_KELD_39593,70,KELD,39593,Redwood Creek Pnt Nr Cal,1.5L,8,9.99,2024-12-31
13_TARMSWORTH_4762,13,TARMSWORTH,4762,Hartley Brandy VS,750mL,13,6.99,2024-12-31
59_CLAETHORPES_5160,59,CLAETHORPES,5160,Hpnotiq Liqueur,375mL,4,10.99,2024-12-31
35_HALIVAARA_24455,35,HALIVAARA,24455,Franciscan Cab Svgn Napa,750mL,8,16.98,2024-12-31
4_EANVERNESS_13731,4,EANVERNESS,13731,Monkey Bay Svgn Bl,1.5L,4,19.99,2024-12-31
21_BALERNO_1623,21,BALERNO,1623,Bulleit 95 Rye,375mL,12,15.99,2024-12-31
67_EANVERNESS_3858,67,EANVERNESS,3858,Grey Goose Vodka,750mL,311,23.99,2024-12-31
44_PORTHCRAWL_33960,44,PORTHCRAWL,33960,Allegrini Valpolicella Clsc,750mL,10,15.99,2024-12-31
69_MOUNTMEND_17384,69,MOUNTMEND,17384,20 Mile 09 Brdx Superior,750mL,15,37.49,2024-12-31
1_HARDERSFIELD_5872,1,HARDERSFIELD,5872,Godiva Chocolate Liqueur,50mL,50,2.99,2024-12-31
47_PELLA'S WISH_8562,47,PELLA'S WISH,8562,DeKuyper Peachtree Trav,1.75L,5,14.99,2024-12-31
7_STANMORE_4677,7,STANMORE,4677,Courvoisier 12 Yr Cognac,750mL,7,44.99,2024-12-31
66_EANVERNESS_24934,66,EANVERNESS,24934,T-Vine Zinfandel Napa,750mL,12,14.99,2024-12-31
37_PAETHSMOUTH_35918,37,PAETHSMOUTH,35918,Stone Cellars Pnt Grigio,1.5L,9,14.99,2024-12-31
74_PAENTMARWY_22597,74,PAENTMARWY,22597,Erath Prince Hill Pnt Nr,750mL,2,36.99,2024-12-31
71_CLARCTON_21985,71,CLARCTON,21985,Menage a Trois Midnight,750mL,15,9.95,2024-12-31
81_PEMBROKE_35294,81,PEMBROKE,35294,Mionetto Prosecco Brut,187mL,140,4.99,2024-12-31
41_LARNWICK_35578,41,LARNWICK,35578,Alamos Ridge Cab Svgn Mendza,750mL,6,9.99,2024-12-31
33_HORNSEY_24875,33,HORNSEY,24875,Glen Ellen Merlot RSV,1.5L,43,6.99,2024-12-31
17_OLDHAM_1468,17,OLDHAM,1468,Knob Creek Single Barrel Rsv,750mL,4,41.99,2024-12-31
43_WOLFORD_8218,43,WOLFORD,8218,Camarena Reposado Tequila,1.75L,6,31.99,2024-12-31
34_PITMERDEN_4249,34,PITMERDEN,4249,Capt Morgan White Coconut,750mL,15,14.99,2024-12-31
42_BLACK HOLLOW_2132,42,BLACK HOLLOW,2132,Lord Calvert Canadian,1.75L,12,12.99,2024-12-31
41_LARNWICK_13618,41,LARNWICK,13618,Terra d'Oro Znfdl Port,750mL,3,17.99,2024-12-31
79_BALLYMENA_2756,79,BALLYMENA,2756,Jameson Caskmates,750mL,49,29.99,2024-12-31
54_GUTHRAM_27042,54,GUTHRAM,27042,Luna di Luna Chard/Pnt Grigo,750mL,6,9.99,2024-12-31
26_KNIFE'S EDGE_3584,26,KNIFE'S EDGE,3584,Absolut Raspberri,750mL,11,17.99,2024-12-31
25_CAERSHIRE_3450,25,CAERSHIRE,3450,260 Vodka,750mL,12,27.99,2024-12-31
73_DONCASTER_26464,73,DONCASTER,26464,Golan Heights Yarden Svgn Bl,750mL,20,18.99,2024-12-31
41_LARNWICK_43924,41,LARNWICK,43924,Farnum Hill Kingston Blk RSV,750mL,5,15.49,2024-12-31
50_MOUNTMEND_3257,50,MOUNTMEND,3257,Gilbeys London Dry Trav,750mL,28,6.99,2024-12-31
37_PAETHSMOUTH_3054,37,PAETHSMOUTH,3054,Smirnoff Kissed Caramel,750mL,6,10.99,2024-12-31
1_HARDERSFIELD_18856,1,HARDERSFIELD,18856,Barefoot Refresh Sweet White,750mL,17,5.99,2024-12-31
21_BALERNO_2678,21,BALERNO,2678,Michter's Straight Rye,750mL,6,44.99,2024-12-31
26_KNIFE'S EDGE_3780,26,KNIFE'S EDGE,3780,Three Olives Raspberry Vodk,750mL,9,14.99,2024-12-31
10_HORNSEY_18856,10,HORNSEY,18856,Barefoot Refresh Sweet White,750mL,22,5.99,2024-12-31
35_HALIVAARA_3226,35,HALIVAARA,3226,Ciroc Mango Vodka,375mL,3,11.99,2024-12-31
